input,dssp3,dssp8,disorder
ACKIENIKYKGKEVESKLGSQLIDIFNDLDRAKEEYDKLSSPEFIAKFGDWINDEVERNVNEDGEPLLIQDVRQDSSKHYFFILKNGERFDLLTR,CCCCECCCCCCCCCECHHHHHHHHHHCCHHHHHHHHHHHCCHHHHHHHCCCCCCCCCCCCCCCCCCCCEEEECCCCCEEEEEECCCCCEEECCCC,CCSCBCSTTTTSSCBCHHHHHHHHHHCCHHHHHHHHHHHTSHHHHHHHCCCSSSCCCSSCCSSSSCCCEEEECTTSCEEEEEECTTCCEEECCCC,1.0 1.0 1.0 1.0 1.0 1.0 1.0 1.0 1.0 1.0 1.0 1.0 1.0 1.0 1.0 1.0 1.0 1.0 1.0 1.0 1.0 1.0 1.0 1.0 1.0 1.0 1.0 1.0 1.0 1.0 1.0 1.0 1.0 1.0 1.0 1.0 1.0 1.0 1.0 1.0 1.0 1.0 1.0 1.0 1.0 1.0 1.0 1.0 1.0 1.0 1.0 1.0 1.0 1.0 1.0 1.0 1.0 1.0 1.0 1.0 1.0 1.0 1.0 1.0 1.0 1.0 1.0 1.0 1.0 1.0 1.0 1.0 1.0 1.0 1.0 1.0 1.0 1.0 1.0 1.0 1.0 1.0 1.0 1.0 1.0 1.0 1.0 1.0 1.0 1.0 1.0 1.0 1.0 1.0 1.0
SKINFYTTTIETLETEDQNNTLTTFKVQNVSNASTIFSNGKTYWNFARPSYISNRINTFKNNPGVLRQLLNTSYGQSSLWAKHLLGEEKNVTGDFVLAGNARESASENRLKSLELSIFNSLQEKDKGAEGNDNGSISIVDQLADKLNKVLRGGTKNGTSIYSTVTPGDKSTLHEIKIDHFIPETISSFSNGTMIFNDKIVNAFTDHFVSEVNRMKEAYQELETLPESKRVVHYHTDARGNVMKDGKLAGNAFKSGHILSELSFDQITQDDNEMLKLYNEDGSPINPKGAVSNEQKILIKQTINKVLNQRIKENIRYFKDQGLVIDTVNKDGNKGFHFHGLDKSIMSEYTDDIQLTEFDISHVVSDFTLNSILASIEYTKLFTGDPANYKNMVDFFKRVPATYTN,CECEEEEEEEEEEECCCCCCEEEEEEEEECCCCCCEEEECCEEEECECCCCHHHHHHHHHHHCCHHHHHHHHCCHHHHCHHHHHHCCCCECCCCCECCCHHHHHHHHHHHHHHCEEEEEEEEEECCEEEEEECCCCCCHHHHHHHHHHHHHHHHCCCCCEEEECCCCCCCCCCEEEEECCCCCCCEEEEECCEEEECHHHHHHHHHHHHHHHHHHHHHHHHHHHCCHHHCCCCCCCCCCCCCEECCEECCHHHCCCCCCHHHCHHHCCHHHHHHHCCECCCCCECCCCCCCCHHHHHHHHHHHHHHHHHHHHHHHHHHHHCCCEEEEECCCCCEEEEECCCEHHHHCCCCCCCCECHHHHHHHHHHHHHHHHHHHHHHCCCCCCCHHHCCCHHHHHHHHHHHHC,CBCEEEEEEEEEEECTTTSCEEEEEEEEESTTCCCEEEETTEEEESBCCCCHHHHHHHHHHHCTHHHHHHHHSSGGGGCHHHHHHTTCCBCSSSCBSSCHHHHHHHHHHHHHHCEEEEEEEEEETTEEEEEECTTTCCHHHHHHHHHHHHHGGGSTTCCEEEECSCCTTCSCCEEEEESCCCCCCEEEEETTEEEECHHHHHHHHHHHHHHHHHHHHHHHHHHHSCGGGCCTTTTSCTTSCSEETTEECCGGGCCSSSSGGGSGGGCCHHHHHHHTCBCTTSCBSSSSSCCCHHHHHHHHHHHHHHHHHHHHHHHHHHHHTTSEEEEECTTSCEEEEETTCBHHHHTTTCCSSSBCHHHHHHHHHHHHHHHHHHHHHHIIIIICCGGGSSCHHHHHHHGGGGGC,1.0 1.0 1.0 1.0 1.0 1.0 1.0 1.0 1.0 1.0 1.0 1.0 1.0 1.0 1.0 1.0 1.0 1.0 1.0 1.0 1.0 1.0 1.0 1.0 1.0 1.0 1.0 1.0 1.0 1.0 1.0 1.0 1.0 1.0 1.0 1.0 1.0 1.0 1.0 1.0 1.0 1.0 1.0 1.0 1.0 1.0 1.0 1.0 1.0 1.0 1.0 1.0 1.0 1.0 1.0 1.0 1.0 1.0 1.0 1.0 1.0 1.0 1.0 1.0 1.0 1.0 1.0 1.0 1.0 1.0 1.0 1.0 1.0 1.0 1.0 1.0 1.0 1.0 1.0 1.0 1.0 1.0 1.0 1.0 1.0 1.0 1.0 1.0 1.0 1.0 1.0 1.0 1.0 1.0 1.0 1.0 1.0 1.0 1.0 1.0 1.0 1.0 1.0 1.0 1.0 1.0 1.0 1.0 1.0 1.0 1.0 1.0 1.0 1.0 1.0 1.0 1.0 1.0 1.0 1.0 1.0 1.0 1.0 1.0 1.0 1.0 1.0 1.0 1.0 1.0 1.0 1.0 1.0 1.0 1.0 1.0 1.0 1.0 1.0 1.0 1.0 1.0 1.0 1.0 1.0 1.0 1.0 1.0 1.0 1.0 1.0 1.0 1.0 1.0 1.0 1.0 1.0 1.0 1.0 1.0 1.0 1.0 1.0 1.0 1.0 1.0 1.0 1.0 1.0 1.0 1.0 1.0 1.0 1.0 1.0 1.0 1.0 1.0 1.0 1.0 1.0 1.0 1.0 1.0 1.0 1.0 1.0 1.0 1.0 1.0 1.0 1.0 1.0 1.0 1.0 1.0 1.0 1.0 1.0 1.0 1.0 1.0 1.0 1.0 1.0 1.0 1.0 1.0 1.0 1.0 1.0 1.0 1.0 1.0 1.0 1.0 1.0 1.0 1.0 1.0 1.0 1.0 1.0 1.0 1.0 1.0 1.0 1.0 1.0 1.0 1.0 1.0 1.0 1.0 1.0 1.0 1.0 1.0 1.0 1.0 1.0 1.0 1.0 1.0 1.0 1.0 1.0 1.0 1.0 1.0 1.0 1.0 1.0 1.0 1.0 1.0 1.0 1.0 1.0 1.0 1.0 1.0 1.0 1.0 1.0 1.0 1.0 1.0 1.0 1.0 1.0 1.0 1.0 1.0 1.0 1.0 1.0 1.0 1.0 1.0 1.0 1.0 1.0 1.0 1.0 1.0 1.0 1.0 1.0 1.0 1.0 1.0 1.0 1.0 1.0 1.0 1.0 1.0 1.0 1.0 1.0 1.0 1.0 1.0 1.0 1.0 1.0 1.0 1.0 1.0 1.0 1.0 1.0 1.0 1.0 1.0 1.0 1.0 1.0 1.0 1.0 1.0 1.0 1.0 1.0 1.0 1.0 1.0 1.0 1.0 1.0 1.0 1.0 1.0 1.0 1.0 1.0 1.0 1.0 1.0 1.0 1.0 1.0 1.0 1.0 1.0 1.0 1.0 1.0 1.0 1.0 1.0 1.0 1.0 1.0 1.0 1.0 1.0 1.0 1.0 1.0 1.0 1.0 1.0 1.0 1.0 1.0 1.0 1.0 1.0 1.0 1.0 1.0 1.0 1.0 1.0 1.0 1.0 1.0 1.0 1.0 1.0 1.0 1.0 1.0 1.0 1.0 1.0 1.0 1.0 1.0 1.0 1.0 1.0 1.0 1.0 1.0 1.0 1.0 1.0 1.0 1.0 1.0 1.0
SFEEQFIKNNSDSNILAPKVSQSVIKSIKGIKSKHVFELPINDKTKRYILGATETKEEVLPNYVKVGSDLYRLKAYREKSGVYVRTNKLGFEDPKSFLSIKEYKFGTRTGGNFTGELTKQELVYTNQWVNENITLANGYISADSRTVD,CHHHHHHHHCCCCCCCCCECCHHHCECCCCCCCCCEEEEECCCCCCCCCCEECCCCCEECCCEEEECCEEEEEEEEECCEEEEEECCCCCEEEHHHCEEECCCCCCCCCCCCCCCHHHHHHHHHHHHHHHHCCCHHHCCEECCCCCCC,CHHHHHHHHSTTCTTTSCBCCGGGCBCCTTSCTTTEEEEECCTTTTTSCCEECTTSCEECCSEEEETTEEEEEEEEETTEEEEEECCCCSEEEGGGTEEECCCCSSSCCCCTTSCHHHHHHHHHHHHHHHHSCSGGGTCEETTTCCCC,1.0 1.0 1.0 1.0 1.0 1.0 1.0 1.0 1.0 1.0 1.0 1.0 1.0 1.0 1.0 1.0 1.0 1.0 1.0 1.0 1.0 1.0 1.0 1.0 1.0 1.0 1.0 1.0 1.0 1.0 1.0 1.0 1.0 1.0 1.0 1.0 1.0 1.0 1.0 1.0 1.0 1.0 1.0 1.0 1.0 1.0 1.0 1.0 1.0 1.0 1.0 1.0 1.0 1.0 1.0 1.0 1.0 1.0 1.0 1.0 1.0 1.0 1.0 1.0 1.0 1.0 1.0 1.0 1.0 1.0 1.0 1.0 1.0 1.0 1.0 1.0 1.0 1.0 1.0 1.0 1.0 1.0 1.0 1.0 1.0 1.0 1.0 1.0 1.0 1.0 1.0 1.0 1.0 1.0 1.0 1.0 1.0 1.0 1.0 1.0 1.0 1.0 1.0 1.0 1.0 1.0 1.0 1.0 1.0 1.0 1.0 1.0 1.0 1.0 1.0 1.0 1.0 1.0 1.0 1.0 1.0 1.0 1.0 1.0 1.0 1.0 1.0 1.0 1.0 1.0 1.0 1.0 1.0 1.0 1.0 1.0 1.0 1.0 1.0 1.0 1.0 1.0 1.0 1.0 1.0 1.0 1.0 1.0
ANVKLMLSFLPKIDNLTGEPALGDYLNKPVFRSFDSIHSELLEVLSDITTLHVQGEVLDVFSSMYNKIKELADFKKSFKPLLEILDTIDEQKKTEFVQAFYL,CHHHHHHHCCECECCCCCCECECCCCCCECECCHHHHHHHHHHHHCCCCCCEECCEECCHHHHHHHHHHHHHHHCHHHHHHHHHHHCCCHHHHHHHHHHHCC,CHHHHHHHSCBCBCTTTSSBCBCTTTSSBCBCCHHHHHHHHHHHHSSCCCCEETTEECCHHHHHHHHHHHHHHHCGGGHHHHHHHHSSCHHHHHHHHHHHCC,1.0 1.0 1.0 1.0 1.0 1.0 1.0 1.0 1.0 1.0 1.0 1.0 1.0 1.0 1.0 1.0 1.0 1.0 1.0 1.0 1.0 1.0 1.0 1.0 1.0 1.0 1.0 1.0 1.0 1.0 1.0 1.0 1.0 1.0 1.0 1.0 1.0 1.0 1.0 1.0 1.0 1.0 1.0 1.0 1.0 1.0 1.0 1.0 1.0 1.0 1.0 1.0 1.0 1.0 1.0 1.0 1.0 1.0 1.0 1.0 1.0 1.0 1.0 1.0 1.0 1.0 1.0 1.0 1.0 1.0 1.0 1.0 1.0 1.0 1.0 1.0 1.0 1.0 1.0 1.0 1.0 1.0 1.0 1.0 1.0 1.0 1.0 1.0 1.0 1.0 1.0 1.0 1.0 1.0 1.0 1.0 1.0 1.0 1.0 1.0 1.0 1.0
RFESVALEQLQIVHISSEADFSAVYSFRPKNLNYFVDIIAYEGKLPSTISEKSLGGYPVDKTMDEYTVHLNGRHYYSNSKFAFLPTKKPTPEINYMYSCPYFNLDNIYAGTITMYWYRNDHISNDRLESICAQAARILGRAK,CCHHHHHHHHHHHHHHHCCCEEEEEEEECCCCCCEEEEEEEEECCCCCCCHHHCCCEECCCCCHHHHHHHCCCCEEECCCCCCCCCCCCCCCCCEEEEEEEECCCCCEEEEEEEEECCCCCCCHHHHHHHHHHHHHHHHHCC,CCHHHHHHHHHHHHHHHTCSEEEEEEEESTTTCCEEEEEEEEECCCTTCCGGGSSCEECCTTSHHHHHHHTTCCEEESSCCTTSSCSSCCTTCCEEEEEEEECTTSCEEEEEEEEESSSCCCCHHHHHHHHHHHHHHHHHCC,0.0 1.0 1.0 1.0 1.0 1.0 1.0 1.0 1.0 1.0 1.0 1.0 1.0 1.0 1.0 1.0 1.0 1.0 1.0 1.0 1.0 1.0 1.0 1.0 1.0 1.0 1.0 1.0 1.0 1.0 1.0 1.0 1.0 1.0 1.0 1.0 1.0 1.0 1.0 1.0 1.0 1.0 1.0 1.0 1.0 1.0 1.0 1.0 1.0 1.0 1.0 1.0 1.0 1.0 1.0 1.0 1.0 1.0 1.0 1.0 1.0 1.0 1.0 1.0 1.0 1.0 1.0 1.0 1.0 1.0 1.0 1.0 1.0 1.0 1.0 1.0 1.0 1.0 1.0 1.0 1.0 1.0 1.0 1.0 1.0 1.0 1.0 1.0 1.0 1.0 1.0 1.0 1.0 1.0 1.0 1.0 1.0 1.0 1.0 1.0 1.0 1.0 1.0 1.0 1.0 1.0 1.0 1.0 1.0 1.0 1.0 1.0 1.0 1.0 1.0 1.0 1.0 1.0 1.0 1.0 1.0 1.0 1.0 1.0 1.0 1.0 1.0 1.0 1.0 1.0 1.0 1.0 1.0 1.0 1.0 1.0 1.0 1.0 1.0 1.0 1.0 1.0
FHQECSLQSCTQHQPYVVDDPCPIHFYSKWYIRVGARKSAPLIELCVDEAGSKSPIQYIDIGNYTVSCLPFTINCQEPKLGSLVVRCSFYEDFLEYHDVRVVLDFI,CCCCEEEEEECCCCEEECCCCCCCCCEEEEEEEECCCCCCCEEECCCCCCCCCCCCCCCCCCCCCEEEECCEEEECCCCCCEEEEEEEECCCCCCCEEEEEEEEEE,CCCCEEEEEECTTSEEECCCCSCTTCEEEEEEEETTCTTSCEEESSCCCCCCCCCSSCCCCTTCCEEEETTEEEESSCCTTEEEEEEEESSTTCSSEEEEEEEEEE,0.0 0.0 1.0 1.0 1.0 1.0 1.0 1.0 1.0 1.0 1.0 1.0 1.0 1.0 1.0 1.0 1.0 1.0 1.0 1.0 1.0 1.0 1.0 1.0 1.0 1.0 1.0 1.0 1.0 1.0 1.0 1.0 1.0 1.0 1.0 1.0 1.0 1.0 1.0 1.0 1.0 1.0 1.0 1.0 1.0 1.0 1.0 1.0 1.0 0.0 0.0 1.0 1.0 1.0 1.0 1.0 1.0 1.0 1.0 1.0 1.0 1.0 1.0 1.0 1.0 1.0 1.0 1.0 1.0 1.0 1.0 1.0 1.0 1.0 1.0 1.0 1.0 1.0 1.0 1.0 1.0 1.0 1.0 1.0 1.0 1.0 1.0 1.0 1.0 1.0 1.0 1.0 1.0 1.0 1.0 1.0 1.0 1.0 1.0 1.0 1.0 1.0 1.0 1.0 1.0 1.0
MKNLIPSLFLILSGVAVQAASPSPGPLFTYEGLLTDAGSTAITTTQTVQLQIIYPASCVVFEETHSITPGSSGEFSVIVGSGTRTDSTGNTADRIFASSGNVTCADTSSVVASGFTTRSLRVRVGGTDLTPDVAINTVPFAINAARLADKTATDFVQISASTTQANADSVFSRYNTLNSVLNLFATPGTNGQLLIGTGTGYTPATLTAGSGINITNGSGSITISASGGGGSVTSVTALSPLVVGGTAAVPEIALPQANSTTNGFLSSTDWQAFNNKQNKTLSSGNIWVGNVVGSAAEVSVSGDATLNSSGVLSLANVGTAGTYAKVTTDAKGRVTSGSALTAADIPSLDWSKITSGLPATLGGYGISDAVKNMGGSPSIQSGTDAARPAPGTAGRIYISSDTNQIYRDTGSAWNTLGGGGGAALPISLTTEVTGILPIANGGTGSSSVAGAMSALSPLSTKGDLLVHNGTANVRLPAGASGQVLAADTTDANGVKWVTAPAGTVTAVTGNAPVMVSNNTTTPLISVSDATTSTKGVVQIGNGLNVTSGTVSVNPGSFPSVVPVTKGGTGTGTFNANKLVYTNASGSAFTEFACGIGMAIAFDGTGIAGCSSYSSLGVIVNSGNSLGIPMAVGTNDAFSLSFETNNTPRMTIDDVGRVGVGTTAPTSALHVIGTGEVARFVTSATGGVVIDSTALNYNPSLIYRKTNINRWSMMVNAASETGGNAGSNLSILRYDDTGATLGAAVTIDRASGFFGINTAAPAYNIHVTGTAGLSTGSAWTVASDARLKDVHGDYEFGLSEILKLHTVRYNYKKDNAAKIPSDVPMVGFIAQEVQQVIPDAVKTRADGYLELNVDPIHWATVNAVKELHGMCKATEEQLNTITRRVSSLEEDAAVKDLRIKALEDENKNLKKDLELIKAKLGLQ,CCCCCCCCCCCCCCCCCCCCCCCCCCCCCCCCCCCCCCCCCCCCCCCCCCCCCCCCCCCCCCCCCCCCCCCCCCCCCCCCCCCCCCCCCCCCCCCCCCCCCCCCCCCCCCCCCCCCCCCCCCCCCCCCCCCCCCCCCCCCCCCCCCCCCCCCCCCCCCCCCCCCCCCCCCCCCCCCCCCCCCCCCCCCCCCCCCCCCCCCCCCCCCCCCCCCCCCCCCCCCCCCCCCCCCCCCCCCCCCCCCCCCCCCCCCCCCCCCCCCCCCCCCCCCCCCCCCCCCCCCCCCCCCCCCCCCCCCCCCCCCCCCCCCCCCCCCCCCCCCCCCCCCCCCCCCCCCCCCCCCCCCCCCCCCCCCCCCCCCCCCCCCCCCCCCCCCCCCCCCCCCCCCCCCCCCCCCCCCCCCCCCCCCCCCCCCCCCCCCCCCCCCCCCCCCCCCCCCCCCCCCCCCCCCCCCCCCCCCCCCCCCCCCCCCCCCCCCCCCCCCCCCCCCCCCCCCCCCCCCCCCCCCCCCCCCCCCCCCCCCCCCCCCCCCCCCCCCCCCCCCCCCCCCCCCCCCCCCCCCCCCCCCCCCCCCCCCCCCCCCCCCCCCCCCCCCCCCCCCCCCCCCCCCCCCCCCCCCCCCCCCCCCCCCCCCCCCCCCCCCCCCCCCCCEEECCCEEEECCCCCCCCEEECCCCCCCCCCCCCCCCCCCCCCCCCCCCEEEEEECCEEEEEEEECCCCCCCCCCCCCEEEEEECCCCCEEEEEEEECCCCCCEEECCCCCCCCEEECCCCCCCCCCCCCCCCCCCCCCCCCCCCCCCCCCCCCCCCCCCCCCCCCCCCCCCCCCCCCCCCCCCCCCCCCCCCCCCCCCCCCCCCCCCCCCCCCCCCCCCCCCCCCCCCCCCCCCCCCCCCCCCCCCCCCCCCCCCCCCCCCCCCCCCCCCCC,CCCCCCCCCCCCCCCCCCCCCCCCCCCCCCCCCCCCCCCCCCCCCCCCCCCCCCCCCCCCCCCCCCCCCCCCCCCCCCCCCCCCCCCCCCCCCCCCCCCCCCCCCCCCCCCCCCCCCCCCCCCCCCCCCCCCCCCCCCCCCCCCCCCCCCCCCCCCCCCCCCCCCCCCCCCCCCCCCCCCCCCCCCCCCCCCCCCCCCCCCCCCCCCCCCCCCCCCCCCCCCCCCCCCCCCCCCCCCCCCCCCCCCCCCCCCCCCCCCCCCCCCCCCCCCCCCCCCCCCCCCCCCCCCCCCCCCCCCCCCCCCCCCCCCCCCCCCCCCCCCCCCCCCCCCCCCCCCCCCCCCCCCCCCCCCCCCCCCCCCCCCCCCCCCCCCCCCCCCCCCCCCCCCCCCCCCCCCCCCCCCCCCCCCCCCCCCCCCCCCCCCCCCCCCCCCCCCCCCCCCCCCCCCCCCCCCCCCCCCCCCCCCCCCCCCCCCCCCCCCCCCCCCCCCCCCCCCCCCCCCCCCCCCCCCCCCCCCCCCCCCCCCCCCCCCCCCCCCCCCCCCCCCCCCCCCCCCCCCCCCCCCCCCCCCCCCCCCCCCCCCCCCCCCCCCCCCCCCCCCCCCCCCCCCCCCCCCCCCCCCCCCCCCCCCCCCCCCCCCCCCCCCCCCCEEETTTEEEESCSSCSSSEEECCSSCCCCCCCSSSCSCCCCCSSTTSCCEEEEEETTEEEEEEEECCCCCCSTTCSCCEEEEEECTTSCEEEEEEEECTTTCCEEESCSSCCSSEEESSCCCCTTCSSCCCCCCCCCCCCCCCCCCCCCCCCCCCCCCCCCCCCCCCCCCCCCCCCCCCCCCCCCCCCCCCCCCCCCCCCCCCCCCCCCCCCCCCCCCCCCCCCCCCCCCCCCCCCCCCCCCCCCCCCCCCCCCCCCCCCCCCCCCCCCCCCC,0.0 0.0 0.0 0.0 0.0 0.0 0.0 0.0 0.0 0.0 0.0 0.0 0.0 0.0 0.0 0.0 0.0 0.0 0.0 0.0 0.0 0.0 0.0 0.0 0.0 0.0 0.0 0.0 0.0 0.0 0.0 0.0 0.0 0.0 0.0 0.0 0.0 0.0 0.0 0.0 0.0 0.0 0.0 0.0 0.0 0.0 0.0 0.0 0.0 0.0 0.0 0.0 0.0 0.0 0.0 0.0 0.0 0.0 0.0 0.0 0.0 0.0 0.0 0.0 0.0 0.0 0.0 0.0 0.0 0.0 0.0 0.0 0.0 0.0 0.0 0.0 0.0 0.0 0.0 0.0 0.0 0.0 0.0 0.0 0.0 0.0 0.0 0.0 0.0 0.0 0.0 0.0 0.0 0.0 0.0 0.0 0.0 0.0 0.0 0.0 0.0 0.0 0.0 0.0 0.0 0.0 0.0 0.0 0.0 0.0 0.0 0.0 0.0 0.0 0.0 0.0 0.0 0.0 0.0 0.0 0.0 0.0 0.0 0.0 0.0 0.0 0.0 0.0 0.0 0.0 0.0 0.0 0.0 0.0 0.0 0.0 0.0 0.0 0.0 0.0 0.0 0.0 0.0 0.0 0.0 0.0 0.0 0.0 0.0 0.0 0.0 0.0 0.0 0.0 0.0 0.0 0.0 0.0 0.0 0.0 0.0 0.0 0.0 0.0 0.0 0.0 0.0 0.0 0.0 0.0 0.0 0.0 0.0 0.0 0.0 0.0 0.0 0.0 0.0 0.0 0.0 0.0 0.0 0.0 0.0 0.0 0.0 0.0 0.0 0.0 0.0 0.0 0.0 0.0 0.0 0.0 0.0 0.0 0.0 0.0 0.0 0.0 0.0 0.0 0.0 0.0 0.0 0.0 0.0 0.0 0.0 0.0 0.0 0.0 0.0 0.0 0.0 0.0 0.0 0.0 0.0 0.0 0.0 0.0 0.0 0.0 0.0 0.0 0.0 0.0 0.0 0.0 0.0 0.0 0.0 0.0 0.0 0.0 0.0 0.0 0.0 0.0 0.0 0.0 0.0 0.0 0.0 0.0 0.0 0.0 0.0 0.0 0.0 0.0 0.0 0.0 0.0 0.0 0.0 0.0 0.0 0.0 0.0 0.0 0.0 0.0 0.0 0.0 0.0 0.0 0.0 0.0 0.0 0.0 0.0 0.0 0.0 0.0 0.0 0.0 0.0 0.0 0.0 0.0 0.0 0.0 0.0 0.0 0.0 0.0 0.0 0.0 0.0 0.0 0.0 0.0 0.0 0.0 0.0 0.0 0.0 0.0 0.0 0.0 0.0 0.0 0.0 0.0 0.0 0.0 0.0 0.0 0.0 0.0 0.0 0.0 0.0 0.0 0.0 0.0 0.0 0.0 0.0 0.0 0.0 0.0 0.0 0.0 0.0 0.0 0.0 0.0 0.0 0.0 0.0 0.0 0.0 0.0 0.0 0.0 0.0 0.0 0.0 0.0 0.0 0.0 0.0 0.0 0.0 0.0 0.0 0.0 0.0 0.0 0.0 0.0 0.0 0.0 0.0 0.0 0.0 0.0 0.0 0.0 0.0 0.0 0.0 0.0 0.0 0.0 0.0 0.0 0.0 0.0 0.0 0.0 0.0 0.0 0.0 0.0 0.0 0.0 0.0 0.0 0.0 0.0 0.0 0.0 0.0 0.0 0.0 0.0 0.0 0.0 0.0 0.0 0.0 0.0 0.0 0.0 0.0 0.0 0.0 0.0 0.0 0.0 0.0 0.0 0.0 0.0 0.0 0.0 0.0 0.0 0.0 0.0 0.0 0.0 0.0 0.0 0.0 0.0 0.0 0.0 0.0 0.0 0.0 0.0 0.0 0.0 0.0 0.0 0.0 0.0 0.0 0.0 0.0 0.0 0.0 0.0 0.0 0.0 0.0 0.0 0.0 0.0 0.0 0.0 0.0 0.0 0.0 0.0 0.0 0.0 0.0 0.0 0.0 0.0 0.0 0.0 0.0 0.0 0.0 0.0 0.0 0.0 0.0 0.0 0.0 0.0 0.0 0.0 0.0 0.0 0.0 0.0 0.0 0.0 0.0 0.0 0.0 0.0 0.0 0.0 0.0 0.0 0.0 0.0 0.0 0.0 0.0 0.0 0.0 0.0 0.0 0.0 0.0 0.0 0.0 0.0 0.0 0.0 0.0 0.0 0.0 0.0 0.0 0.0 0.0 0.0 0.0 0.0 0.0 0.0 0.0 0.0 0.0 0.0 0.0 0.0 0.0 0.0 0.0 0.0 0.0 0.0 0.0 0.0 0.0 0.0 0.0 0.0 0.0 0.0 0.0 0.0 0.0 0.0 0.0 0.0 0.0 0.0 0.0 0.0 0.0 0.0 0.0 0.0 0.0 0.0 0.0 0.0 0.0 0.0 0.0 0.0 0.0 0.0 0.0 0.0 0.0 0.0 0.0 0.0 0.0 0.0 0.0 0.0 0.0 0.0 0.0 0.0 0.0 0.0 0.0 0.0 0.0 0.0 0.0 0.0 0.0 0.0 0.0 0.0 0.0 0.0 0.0 0.0 0.0 0.0 0.0 0.0 0.0 0.0 0.0 0.0 0.0 0.0 0.0 0.0 0.0 0.0 0.0 0.0 0.0 0.0 0.0 0.0 0.0 0.0 0.0 0.0 0.0 0.0 0.0 0.0 0.0 0.0 0.0 0.0 0.0 0.0 0.0 0.0 0.0 0.0 0.0 0.0 0.0 0.0 0.0 0.0 0.0 0.0 0.0 0.0 0.0 0.0 0.0 0.0 0.0 0.0 0.0 0.0 0.0 0.0 0.0 0.0 1.0 1.0 1.0 1.0 1.0 1.0 1.0 1.0 1.0 1.0 1.0 1.0 1.0 1.0 1.0 1.0 1.0 1.0 1.0 1.0 1.0 1.0 1.0 1.0 1.0 1.0 1.0 1.0 1.0 1.0 1.0 1.0 1.0 1.0 1.0 1.0 1.0 1.0 1.0 1.0 1.0 1.0 1.0 1.0 1.0 1.0 1.0 1.0 1.0 1.0 1.0 1.0 1.0 1.0 1.0 1.0 1.0 1.0 1.0 1.0 1.0 1.0 1.0 1.0 1.0 1.0 1.0 1.0 1.0 1.0 1.0 1.0 1.0 1.0 1.0 1.0 1.0 1.0 1.0 1.0 1.0 1.0 1.0 1.0 1.0 1.0 1.0 1.0 1.0 1.0 1.0 1.0 1.0 1.0 1.0 1.0 1.0 1.0 1.0 1.0 1.0 1.0 1.0 1.0 1.0 1.0 1.0 1.0 1.0 1.0 1.0 1.0 1.0 1.0 1.0 1.0 1.0 1.0 1.0 1.0 1.0 1.0 1.0 1.0 1.0 1.0 1.0 1.0 1.0 1.0 1.0 1.0 1.0 0.0 0.0 0.0 0.0 0.0 0.0 0.0 0.0 0.0 0.0 0.0 0.0 0.0 0.0 0.0 0.0 0.0 0.0 0.0 0.0 0.0 0.0 0.0 0.0 0.0 0.0 0.0 0.0 0.0 0.0 0.0 0.0 0.0 0.0 0.0 0.0 0.0 0.0 0.0 0.0 0.0 0.0 0.0 0.0 0.0 0.0 0.0 0.0 0.0 0.0 0.0 0.0 0.0 0.0 0.0 0.0 0.0 0.0 0.0 0.0 0.0 0.0 0.0 0.0 0.0 0.0 0.0 0.0 0.0 0.0 0.0 0.0 0.0 0.0 0.0 0.0 0.0 0.0 0.0 0.0 0.0 0.0 0.0 0.0 0.0 0.0 0.0 0.0 0.0 0.0 0.0 0.0 0.0 0.0 0.0 0.0 0.0 0.0 0.0 0.0 0.0 0.0 0.0 0.0 0.0 0.0 0.0 0.0 0.0 0.0 0.0 0.0 0.0 0.0 0.0 0.0 0.0 0.0 0.0 0.0 0.0 0.0 0.0 0.0 0.0 0.0 0.0 0.0 0.0 0.0 0.0 0.0 0.0 0.0 0.0 0.0 0.0 0.0 0.0 0.0 0.0
MRLLSKPKPLEGSFFMVRLSVRIGWHRGPFLAGTGFGVKGTKQGNTMKNMFGKILASTLLLSSISASAGGNDFVSRLKALDGREGKIVSSYDDENTGRCRLELQKYELEDGSQGLAVYLQDTGMYFTPSAGLDKETKLKDANTAVVSTSSERPGGDACGDFGGALGYKKVLVLKDNQVTIRETFRCVMDGFKKYDLSTTCQF,CCCCCCCCCCCCCCCCCCCCCCCCCCCCCCCCCCCCCCCCCCCCCCCCCCCCCCCCCCCCCCCCCCCCCCCHHHHHHHHHCCCEEEEEEECCCCCCCEEEEEEEEEECCCCCEEEEEEEECCCCCCCCEEEECCCCEEEECCEEEEECCCCECCEECCECCCCEEEEEEEEEEECCEEEEEEEEEEHHHCCEEEEEEEEEEC,CCCCCCCCCCCCCCCCCCCCCCCCCCCCCCCCCCCCCCCCCCCCCCCCCCCCCCCCCCCCCCCCCCCCCCCHHHHHHHHHTTCEEEEEEESCSCSCSEEEEEEEEEECTTSCEEEEEEEESSCCSSCCEEEESTTCEEEETTEEEEESCCCBTTBBTTBTTCCEEEEEEEEEEETTEEEEEEEEEEGGGTTEEEEEEEEEEC,0.0 0.0 0.0 0.0 0.0 0.0 0.0 0.0 0.0 0.0 0.0 0.0 0.0 0.0 0.0 0.0 0.0 0.0 0.0 0.0 0.0 0.0 0.0 0.0 0.0 0.0 0.0 0.0 0.0 0.0 0.0 0.0 0.0 0.0 0.0 0.0 0.0 0.0 0.0 0.0 0.0 0.0 0.0 0.0 0.0 0.0 0.0 0.0 0.0 0.0 0.0 0.0 0.0 0.0 0.0 0.0 0.0 0.0 0.0 0.0 0.0 0.0 0.0 0.0 0.0 0.0 0.0 0.0 0.0 0.0 1.0 1.0 1.0 1.0 1.0 1.0 1.0 1.0 1.0 1.0 1.0 1.0 1.0 1.0 1.0 1.0 1.0 1.0 1.0 1.0 1.0 1.0 1.0 1.0 1.0 1.0 1.0 1.0 1.0 1.0 1.0 1.0 1.0 1.0 1.0 1.0 1.0 1.0 1.0 1.0 1.0 1.0 1.0 1.0 1.0 1.0 1.0 1.0 1.0 1.0 1.0 1.0 1.0 1.0 1.0 1.0 1.0 1.0 1.0 1.0 1.0 1.0 1.0 1.0 1.0 1.0 1.0 1.0 1.0 1.0 1.0 1.0 1.0 1.0 1.0 1.0 1.0 1.0 1.0 1.0 1.0 1.0 1.0 1.0 1.0 1.0 1.0 1.0 1.0 1.0 1.0 1.0 1.0 1.0 1.0 1.0 1.0 1.0 1.0 1.0 1.0 1.0 1.0 1.0 1.0 1.0 1.0 1.0 1.0 1.0 1.0 1.0 1.0 1.0 1.0 1.0 1.0 1.0 1.0 1.0 1.0 1.0 1.0 1.0 1.0 1.0 1.0 1.0 1.0 1.0 1.0 1.0
KPTENNEDFNIVAVASNFATTDLDADRGKLPGKKLPLEVLKEMEANARKAGCTRGCLICLSHIKCTPKMKKFIPGRCHTYEGDKESAQGGIGEAIVDIPAIPRFKDLEPMEQFIAQVDLCVDCTTGCLKGLANVQCSDLLKKWLPQRCATFASKIQGQVDKIKGAGGD,CCCCCCCCCCCHHHHHHHCCCCCHHHHCCCCCCCCCHHHHHHHHHHHHHHCCCHHHHHHHHCCCCCHHHHHHCCCCCCCCCCCCCCCCCCCCCCCCCECCECHHHHCCHHHHHHHHHHHCCCCCHHHHHHHHCCCCCHHHHHHCCCCCCCCCCCCCCCCCCCCCCCCC,CCCSCCCSSCCHHHHHHHCCSTTHHHHTTCCTTCCCHHHHHHHHHHHHHHSCCHHHHHHHHTCCCCHHHHHHSTTSSSCSCCCCCCCCCSSSCCCCCBTTBSGGGGSCHHHHHHHHHHHCCCSCHHHHHHHHTTCCCHHHHHHCTTTSCSSCCCCCCCCCCCCCCCCC,1.0 1.0 1.0 1.0 1.0 1.0 1.0 1.0 1.0 1.0 1.0 1.0 1.0 1.0 1.0 1.0 1.0 1.0 1.0 1.0 1.0 1.0 1.0 1.0 1.0 1.0 1.0 1.0 1.0 1.0 1.0 1.0 1.0 1.0 1.0 1.0 1.0 1.0 1.0 1.0 1.0 1.0 1.0 1.0 1.0 1.0 1.0 1.0 1.0 1.0 1.0 1.0 1.0 1.0 1.0 1.0 1.0 1.0 1.0 1.0 1.0 1.0 1.0 1.0 1.0 1.0 1.0 1.0 1.0 1.0 1.0 1.0 1.0 1.0 1.0 1.0 1.0 1.0 1.0 1.0 1.0 1.0 1.0 1.0 1.0 1.0 1.0 1.0 1.0 1.0 1.0 1.0 1.0 1.0 1.0 1.0 1.0 1.0 1.0 1.0 1.0 1.0 1.0 1.0 1.0 1.0 1.0 1.0 1.0 1.0 1.0 1.0 1.0 1.0 1.0 1.0 1.0 1.0 1.0 1.0 1.0 1.0 1.0 1.0 1.0 1.0 1.0 1.0 1.0 1.0 1.0 1.0 1.0 1.0 1.0 1.0 1.0 1.0 1.0 1.0 1.0 1.0 1.0 1.0 1.0 1.0 1.0 1.0 1.0 1.0 1.0 1.0 1.0 1.0 1.0 1.0 1.0 1.0 1.0 1.0 1.0 1.0 1.0 1.0 1.0 1.0 1.0 1.0
PNFKVEHTKKSFKLAKDYIAQNEITVEEMYDELEDHGFNIDDIANGEEVTESAITEAFIKNHILNSNSELEYHNDFVKQHNIDAVNKIDFLGYSEELHKNKSEQLQNRLFDLYWAVLTNEKTYGDLITPI,CCEEEECCHHHHHHHHHHHHHHCCCHHHHHHHHCCCCHHHHHHHCCCCCCHHHHHHHHHHHHHCCCCCCCCHHHHHHCCCCCCCCCEEEECCCCCCHHHCCHHHHHHHHHHHHHHHHCCCCCHHHHHCCC,CCEEEECCHHHHHHHHHHHHHHTCCHHHHHHHHTTTTHHHHHHHSSTTCCHHHHHHHHHHHHHSCSSCTTCHHHHHHTTSCCCCCSEEEECCCCSSGGGCCHHHHHHHHHHHHHHHHTSSTTHHHHHSCC,1.0 1.0 1.0 1.0 1.0 1.0 1.0 1.0 1.0 1.0 1.0 1.0 1.0 1.0 1.0 1.0 1.0 1.0 1.0 1.0 1.0 1.0 1.0 1.0 1.0 1.0 1.0 1.0 1.0 1.0 1.0 1.0 1.0 1.0 1.0 1.0 1.0 1.0 1.0 1.0 1.0 1.0 1.0 1.0 1.0 1.0 1.0 1.0 1.0 1.0 1.0 1.0 1.0 1.0 1.0 1.0 1.0 1.0 1.0 1.0 1.0 1.0 1.0 1.0 1.0 1.0 1.0 1.0 1.0 1.0 1.0 1.0 1.0 1.0 1.0 1.0 1.0 1.0 1.0 1.0 1.0 1.0 1.0 1.0 1.0 1.0 1.0 1.0 1.0 1.0 1.0 1.0 1.0 1.0 1.0 1.0 1.0 1.0 1.0 1.0 1.0 1.0 1.0 1.0 1.0 1.0 1.0 1.0 1.0 1.0 1.0 1.0 1.0 1.0 1.0 1.0 1.0 1.0 1.0 1.0 1.0 1.0 1.0 1.0 1.0 1.0 1.0 1.0 1.0 1.0
MNVDPHFDKFMESGIRHVYMLFENKSVESSEQFYSFMRTTYKNDPCSSDFECIERGAEMAQSYARIMNIKLETE,CCCCHHHHHHHHHHHHHCHHHECCCCHHHHHHHHHHHHHHHHHCCCCCHHHHHHHHHHHHHHHHHHCCCCECCC,CCSCHHHHHHHHHHHHHTGGGBSSCCHHHHHHHHHHHHHHHHHSCCCSHHHHHHHHHHHHHHHHHHTTCCBCCC,1.0 1.0 1.0 1.0 1.0 1.0 1.0 1.0 1.0 1.0 1.0 1.0 1.0 1.0 1.0 1.0 1.0 1.0 1.0 1.0 1.0 1.0 1.0 1.0 1.0 1.0 1.0 1.0 1.0 1.0 1.0 1.0 1.0 1.0 1.0 1.0 1.0 1.0 1.0 1.0 1.0 1.0 1.0 1.0 1.0 1.0 1.0 1.0 1.0 1.0 1.0 1.0 1.0 1.0 1.0 1.0 1.0 1.0 1.0 1.0 1.0 1.0 1.0 1.0 1.0 1.0 1.0 1.0 1.0 1.0 1.0 1.0 0.0 0.0
SIFSYITESTGTPSNATYTYVIERWDPETSGILNPCYGWPVCYVTVNHKHTVNGTGGNPAFQIARIEKLRTLAEVRDVVLKNRSFPIEGQTTHRGPSLNSNQECVGLFYQPNSSGISPRGKLLPGSLCGIAPPPVHHHHHH,CEEEEEEEEEECCCEEEEEEEEEEECCCCCCCECCCCCCCCCEEEEEEECCCCCCECCCCEEEEECCCCCEHHHHHHHHHHHCCCCEEEEEEEECCCCCHHHCCEEEEEECCCCCCECCCEECCCEEECCCCCCCCCCCCC,CEEEEEEEEEECSSEEEEEEEEEEECCCCSCCBCTTTTSSSCEEEEEEBCSTTCCBCSCSEEEEECTTCCBHHHHHHHHHHHSCSSEEEEEEEESSCCCGGGCCEEEEEESCSSSCBTTCEECTTEEESCCCCCCCCCCCC,1.0 1.0 1.0 1.0 1.0 1.0 1.0 1.0 1.0 1.0 1.0 1.0 1.0 1.0 1.0 1.0 1.0 1.0 1.0 1.0 1.0 1.0 1.0 1.0 1.0 1.0 1.0 1.0 1.0 1.0 1.0 1.0 1.0 1.0 1.0 1.0 1.0 1.0 1.0 1.0 1.0 1.0 1.0 1.0 1.0 1.0 1.0 1.0 1.0 1.0 1.0 1.0 1.0 1.0 1.0 1.0 1.0 1.0 1.0 1.0 1.0 1.0 1.0 1.0 1.0 1.0 1.0 1.0 1.0 1.0 1.0 1.0 1.0 1.0 1.0 1.0 1.0 1.0 1.0 1.0 1.0 1.0 1.0 1.0 1.0 1.0 1.0 1.0 1.0 1.0 1.0 1.0 1.0 1.0 1.0 1.0 1.0 1.0 1.0 1.0 1.0 1.0 1.0 1.0 1.0 1.0 1.0 1.0 1.0 1.0 1.0 1.0 1.0 1.0 1.0 1.0 1.0 1.0 1.0 1.0 1.0 1.0 1.0 1.0 1.0 1.0 1.0 1.0 1.0 1.0 1.0 1.0 1.0 1.0 0.0 0.0 0.0 0.0 0.0 0.0 0.0
NNPISSKLTEYYTNFKYKILPGGKLNKGKLKDLQSTVTSLLEKTRKENNPKYKSDSDFYEVFEEGVVELMQVFEDLGVDSITFEAMDIFLKQFRFDLPENNAYKIMYQQYQGKLTNLNNLLKDIQSNKINPYKINPFKNYSNLIFNSLAEAENYFIENNNE,CCHHHHHHHHHHHHHHHHHCCCCCCCHHHHHHHHHHHHHHHHHHHHHCCCCCCCHHHHHHHHHHHHHHHHHHHHHCCCCCCCHHHHHHHHHCCCCCCCCCCCHHHHHHHHHHHHHHHHHHHHHHHCCCCCCCCCCHHHHCCCCCCHHHHHHHHCCCCCCCC,CCHHHHHHHHHHHHHHHHHCTTSCCCHHHHHHHHHHHHHHHHHHHHHCCTTCCSHHHHHHHHHHHHHHHHHHHHHTSCTTCCHHHHHHHHHTSCTTSSTTCCHHHHHHHHHHHHHHHHHHHHHHHTTSSCTTTSCHHHHTIIIIIHHHHHHHHTTSCCCCC,1.0 1.0 1.0 1.0 1.0 1.0 1.0 1.0 1.0 1.0 1.0 1.0 1.0 1.0 1.0 1.0 1.0 1.0 1.0 1.0 1.0 1.0 1.0 1.0 1.0 1.0 1.0 1.0 1.0 1.0 1.0 1.0 1.0 1.0 1.0 1.0 1.0 1.0 1.0 1.0 1.0 1.0 1.0 1.0 1.0 1.0 1.0 1.0 1.0 1.0 1.0 1.0 1.0 1.0 1.0 1.0 1.0 1.0 1.0 1.0 1.0 1.0 1.0 1.0 1.0 1.0 1.0 1.0 1.0 1.0 1.0 1.0 1.0 1.0 1.0 1.0 1.0 1.0 1.0 1.0 1.0 1.0 1.0 1.0 1.0 1.0 1.0 1.0 1.0 1.0 1.0 1.0 1.0 1.0 1.0 1.0 1.0 1.0 1.0 1.0 1.0 1.0 1.0 1.0 1.0 1.0 1.0 1.0 1.0 1.0 1.0 1.0 1.0 1.0 1.0 1.0 1.0 1.0 1.0 1.0 1.0 1.0 1.0 1.0 1.0 1.0 1.0 1.0 1.0 1.0 1.0 1.0 1.0 1.0 1.0 1.0 1.0 1.0 1.0 1.0 1.0 1.0 1.0 1.0 1.0 1.0 1.0 1.0 1.0 1.0 1.0 1.0 1.0 1.0 1.0 1.0 1.0 1.0 1.0 1.0 1.0
MKKFIFATIFALASCAAQPAMAGYDKDLCEWSMTADQTEVETQIEADIMNIVKRDRPEMKAEVQKQLKSGGVMQYNYVLYCDKNFNNKNIIAEVVGE,CCCCCCCCCCCCCCCCCCCCCCCECHHHHHHHHHCCHHHHHHHHHHHHHHHHHHHCHHHHHHHHHHHHHHCCHHHHHHHHECCCCCHHHHHHHHHCC,CCCCCCCCCCCCCCCCCCCCCCCBCHHHHHHHHHSCHHHHHHHHHHHHHHHHHHHCGGGHHHHHHHHHHHCSGGGHHHHHBCTTCCGGGHHHHHHCC,0.0 0.0 0.0 0.0 0.0 0.0 0.0 0.0 0.0 0.0 0.0 0.0 0.0 0.0 0.0 0.0 0.0 0.0 0.0 0.0 0.0 0.0 1.0 1.0 1.0 1.0 1.0 1.0 1.0 1.0 1.0 1.0 1.0 1.0 1.0 1.0 1.0 1.0 1.0 1.0 1.0 1.0 1.0 1.0 1.0 1.0 1.0 1.0 1.0 1.0 1.0 1.0 1.0 1.0 1.0 1.0 1.0 1.0 1.0 1.0 1.0 1.0 1.0 1.0 1.0 1.0 1.0 1.0 1.0 1.0 1.0 1.0 1.0 1.0 1.0 1.0 1.0 1.0 1.0 1.0 1.0 1.0 1.0 1.0 1.0 1.0 1.0 1.0 1.0 1.0 1.0 1.0 1.0 1.0 1.0 1.0 1.0
STTQKTISVSDLPNNCLNASSLKCEIKGISTYNVYYQVENNGVIYSCVSDSAEGLEKCDNSLNLPKRFSKVPVIPITKLDNKRHFSVGTKFFISESLTQDNYPITYNSYPTNGTVCLQTVKLSGDCKITKSNFANPYTVSITSPEKIMGYLIKKPGENVEHKVISFSGSASITFTEEMLDGEHNLLCGDKSAKIPKTNK,CCCCCCCCCCCCHHHHCCCCCCEEEEEEECCCCEEEEEEECCEEEEEEECCCCCCCCCECCCCCCCCCCCCCEEECCCHHHHHHHEEEEEEEEECCCCCCCEEEEECCEEEEEEEEEEEEEECCCCEEEECCCCCCCEEEEECCCCCEEEEEECCCCCCHHHCEEECCEEEEECCHHHCCCCCEEEECCEEEECCCCCC,CCCCCCCCCCCSGGGGTCCSSSEEEEEEECSSCEEEEEEETTEEEEEEESCCTTCTTSBTCTTCCSCCCCCCEEECCSGGGHHHHEEEEEEEEECCTTSCCEEEEETTEEEEEEEEEEEEEECSCCEEEECSSSCTTEEEEECSSSCEEEEEECTTCCCGGGCEEESSEEEEECCGGGCSSSCEEEETTEEEECCCCCC,0.0 0.0 0.0 0.0 0.0 0.0 0.0 0.0 1.0 1.0 1.0 1.0 1.0 1.0 1.0 1.0 1.0 1.0 1.0 1.0 1.0 1.0 1.0 1.0 1.0 1.0 1.0 1.0 1.0 1.0 1.0 1.0 1.0 1.0 1.0 1.0 1.0 1.0 1.0 1.0 1.0 1.0 1.0 1.0 1.0 1.0 1.0 1.0 1.0 1.0 1.0 1.0 1.0 1.0 1.0 1.0 1.0 1.0 1.0 1.0 1.0 1.0 1.0 1.0 1.0 1.0 1.0 1.0 1.0 1.0 1.0 1.0 1.0 1.0 1.0 1.0 1.0 1.0 1.0 1.0 1.0 1.0 1.0 1.0 1.0 1.0 1.0 1.0 1.0 1.0 1.0 1.0 1.0 1.0 1.0 1.0 1.0 1.0 1.0 1.0 1.0 1.0 1.0 1.0 1.0 1.0 1.0 1.0 1.0 1.0 1.0 1.0 1.0 1.0 1.0 1.0 1.0 1.0 1.0 1.0 1.0 1.0 1.0 1.0 1.0 1.0 1.0 1.0 1.0 1.0 1.0 1.0 1.0 1.0 1.0 1.0 1.0 1.0 1.0 1.0 1.0 1.0 1.0 1.0 1.0 1.0 1.0 1.0 1.0 1.0 1.0 1.0 1.0 1.0 1.0 1.0 1.0 1.0 1.0 1.0 1.0 1.0 1.0 1.0 1.0 1.0 1.0 1.0 1.0 1.0 1.0 1.0 1.0 1.0 1.0 1.0 1.0 1.0 1.0 1.0 1.0 1.0 1.0 1.0 1.0 1.0 1.0 1.0 1.0 1.0 1.0 1.0 1.0 1.0 1.0 1.0 1.0 1.0 0.0
HHAHGTENLYFQGSAATMAAQSLLSIPVEYRSQVWCRANLPYPPAPQLPIPAVVDILTKASQALPQISFSWTLIDQPPDGSLFLVWQAPTLPSPPDGMHFMSNERFFNMDVAGKVLEIHEAKHGFYPLSETRTMHVRCRYRLLGVGFDNFWLVHYFQGSETDSIPANISVAKPPHLRRYPLPDVKTSPFLLQE,CCCCHHHHHHCCCCCCCHHHHHHHHCCCHHHCCCCEEEECCCCCCCCCCCHHHHHHHHHHHHHHHHHCCEEEECCCCCCCCCEEEEECCCCCCCCCCCCEECCCCEEEEEEECCEEEEEEEEEEEECCCCCCECCEEEEEEEEECCCCCCEEEEEEEECCCCCCCECCHHHCECCCCCCCCCCCCCCCCECCC,CCCCHHHHHHTTCCCCCHHHHHHHHTSCGGGTTTCEEEESSCCCCCSSCCHHHHHHHHHHHHHHGGGCCEEEECCCSCCTTCEEEEECCTTSCCCCCSCEESSCCEEEEEEETTEEEEEEEEEEEECTTTCSBCCEEEEEEEEESSSCTTEEEEEEEECCTTTCCBCCGGGCBSCSCCCSSCCCCCCCCBCCC,0.0 1.0 1.0 1.0 1.0 1.0 1.0 1.0 1.0 1.0 1.0 1.0 1.0 0.0 0.0 1.0 1.0 1.0 1.0 1.0 1.0 1.0 1.0 1.0 1.0 1.0 1.0 1.0 1.0 1.0 1.0 1.0 1.0 1.0 1.0 1.0 1.0 1.0 1.0 1.0 1.0 1.0 1.0 1.0 1.0 1.0 1.0 1.0 1.0 1.0 1.0 1.0 1.0 1.0 1.0 1.0 1.0 1.0 1.0 1.0 1.0 1.0 1.0 1.0 1.0 1.0 1.0 1.0 1.0 1.0 1.0 1.0 1.0 1.0 1.0 1.0 1.0 1.0 1.0 1.0 1.0 1.0 1.0 1.0 1.0 1.0 1.0 1.0 1.0 1.0 1.0 1.0 1.0 1.0 1.0 1.0 1.0 1.0 1.0 1.0 1.0 1.0 1.0 1.0 1.0 1.0 1.0 1.0 1.0 1.0 1.0 1.0 1.0 1.0 1.0 1.0 1.0 1.0 1.0 1.0 1.0 1.0 1.0 1.0 1.0 1.0 1.0 1.0 1.0 1.0 1.0 1.0 1.0 1.0 1.0 1.0 1.0 1.0 1.0 1.0 1.0 1.0 1.0 1.0 1.0 1.0 1.0 1.0 1.0 1.0 1.0 1.0 1.0 1.0 1.0 1.0 1.0 1.0 1.0 1.0 1.0 1.0 1.0 1.0 1.0 1.0 1.0 1.0 1.0 1.0 1.0 1.0 1.0 1.0 1.0 1.0 1.0 1.0 1.0 1.0 1.0 1.0 1.0 1.0 1.0 1.0 1.0 1.0 1.0 1.0 1.0 1.0 0.0
DFPHVKDEIKRVFGDNSKQTGENLKFHDPLYQLKLKFTYAGGKSGVGITANMLVDHNRSKGIDMQFNQYNLGVGHTQNGNTVFDKEYSEELNGTRFKIKDTISAFLNAFVDNAKDPYINDGNFNTYTSSVAFMLIRAGVHPDWIISFIGQPVLRELADFTQRYESKIIPKEDVGKSSFDIIVEKYETINQESYKDAESRAFSLDTLQESIEVGVHGIDLDVLKTFKGFQEQAKRLNESVQLS,CCCHHHHHHHHHHCCCCCCCCCCCCCCCHHHHHHHHHHHHHHHHHHHHHHHHHHHHHHCCCCCCECCCCCCCCCCEECCEEECCCCECCCECCECCEHHHHHHHHHHHHHCCCCCCCHHHHCCCCCCHHHHHHHHHHCCCHHHHHHHHCCHHHHHHHHHHHHHCCCCCCCCCCCCCHHHHHHHHHHHHHCCCCCCCCCCCCCHHHHHHHHCCCCCCCHHHHHHHHHHHHHHHHHHHHHHHCC,CCCHHHHHHHHHHCCTTSCCCTTSTTTCHHHHHHHHHHHHHHHHHHHHHHHHHHHHHHTSSSCCBCSSCCCSSSCEETTEEBCCCSBCCCBTTBCCBHHHHHHHHHHHHHTTTTCCCGGGGTCSTTTHHHHHHHHHHTCCHHHHHHHHTCHHHHHHHHHHHHHTCSSSCCSSTTCCHHHHHHHHHHHHHTCCSTTCCCCCCCHHHHHHHHTTCCCSCHHHHHHHHHHHHHHHHHHHHHHHTC,1.0 1.0 1.0 1.0 1.0 1.0 1.0 1.0 1.0 1.0 1.0 1.0 1.0 1.0 1.0 1.0 1.0 1.0 1.0 1.0 1.0 1.0 1.0 1.0 1.0 1.0 1.0 1.0 1.0 1.0 1.0 1.0 1.0 1.0 1.0 1.0 1.0 1.0 1.0 1.0 1.0 1.0 1.0 1.0 1.0 1.0 1.0 1.0 1.0 1.0 1.0 1.0 1.0 1.0 1.0 1.0 1.0 1.0 1.0 1.0 1.0 1.0 1.0 1.0 1.0 1.0 1.0 1.0 1.0 1.0 1.0 1.0 1.0 1.0 1.0 1.0 1.0 1.0 1.0 1.0 1.0 1.0 1.0 1.0 1.0 1.0 1.0 1.0 1.0 1.0 1.0 1.0 1.0 1.0 1.0 1.0 1.0 1.0 1.0 1.0 1.0 1.0 1.0 1.0 1.0 1.0 1.0 1.0 1.0 1.0 1.0 1.0 1.0 1.0 1.0 1.0 1.0 1.0 1.0 1.0 1.0 1.0 1.0 1.0 1.0 1.0 1.0 1.0 1.0 1.0 1.0 1.0 1.0 1.0 1.0 1.0 1.0 1.0 1.0 1.0 1.0 1.0 1.0 1.0 1.0 1.0 1.0 1.0 1.0 1.0 1.0 1.0 1.0 1.0 1.0 1.0 1.0 1.0 1.0 1.0 1.0 1.0 1.0 1.0 1.0 1.0 1.0 1.0 1.0 1.0 1.0 1.0 1.0 1.0 1.0 1.0 1.0 1.0 1.0 1.0 1.0 1.0 1.0 1.0 1.0 1.0 1.0 1.0 1.0 1.0 1.0 1.0 1.0 1.0 1.0 1.0 1.0 1.0 1.0 1.0 1.0 1.0 1.0 1.0 1.0 1.0 1.0 1.0 1.0 1.0 1.0 1.0 1.0 1.0 1.0 1.0 1.0 1.0 1.0 1.0 1.0 1.0 1.0 1.0 1.0 1.0 1.0 1.0 1.0 1.0 1.0 1.0 1.0 1.0 1.0 1.0 1.0 1.0 1.0 1.0 1.0 1.0
EFDSFTSPDLTNEIKEITDQLSYYIYNKHFSSDFEQVEGAKLNIQNEISQFVKEGKAPVQAAYNKLQDPDIKDLLDYYDNIEKHSDEFESEIVKFFSEKK,CCCCCCCCCHHHHHHHHHHHHHHHHCCCCCCCCCCCCCCCCCCHHHHHHHHHHHHHHHHHHHHHHCCCHHHHHHHHHHHHHHHCHHHHHHHHHHHHHCCC,CCCSCCCTTHHHHHHHHHHHHHHHHIIIIITTCCTTTTTTSSCHHHHHHHHHHHHHHHHHHHHHHSCCHHHHHHHHHHHHHHHTHHHHHHHHHHHHHTTC,1.0 1.0 1.0 1.0 1.0 1.0 1.0 1.0 1.0 1.0 1.0 1.0 1.0 1.0 1.0 1.0 1.0 1.0 1.0 1.0 1.0 1.0 1.0 1.0 1.0 1.0 1.0 1.0 1.0 1.0 1.0 1.0 1.0 1.0 1.0 1.0 1.0 1.0 1.0 1.0 1.0 1.0 1.0 1.0 1.0 1.0 1.0 1.0 1.0 1.0 1.0 1.0 1.0 1.0 1.0 1.0 1.0 1.0 1.0 1.0 1.0 1.0 1.0 1.0 1.0 1.0 1.0 1.0 1.0 1.0 1.0 1.0 1.0 1.0 1.0 1.0 1.0 1.0 1.0 1.0 1.0 1.0 1.0 1.0 1.0 1.0 1.0 1.0 1.0 1.0 1.0 1.0 1.0 1.0 1.0 1.0 1.0 1.0 1.0 1.0
